Title,Company,Location,Salary,URL
"
Senior Mobile Engineer
","
Fujitsu Launchpad ",ğŸ’° $60k - $100k*,ğŸ’° $60k - $100k*,https://remoteok.com/remote-jobs/remote-senior-mobile-engineer-fujitsu-launchpad-870219
"
Senior Engineering Manager Mobile Bengaluru India
","
Degreed ",ğŸ‡®ğŸ‡³ India,ğŸ’° $60k - $100k*,https://remoteok.com/remote-jobs/remote-senior-engineering-manager-mobile-bengaluru-india-degreed-819691
"
SR Desenvolvimento Flutter
","
Ã­lia ",ğŸ‡§ğŸ‡· Brazil,ğŸ’° $60k - $70k*,https://remoteok.com/remote-jobs/remote-sr-desenvolvimento-flutter-ilia-806242
"
PL Desenvolvimento Flutter
","
Ã­lia ",ğŸ‡§ğŸ‡· Brazil,ğŸ’° $60k - $70k*,https://remoteok.com/remote-jobs/remote-pl-desenvolvimento-flutter-ilia-806241
"
Sr Flutter Engineer
","
Ã­lia ",ğŸ‡§ğŸ‡· Brazil,ğŸ’° $70k - $110k*,https://remoteok.com/remote-jobs/remote-sr-flutter-engineer-ilia-693865
"
Senior Mobile Engineer
","
Glooko ",ğŸ‡­ğŸ‡· Croatia,ğŸ’° $60k - $110k*,https://remoteok.com/remote-jobs/remote-senior-mobile-engineer-glooko-645384
"
Senior Mobile Engineer Flutter
","
Transcarent ",ğŸ‡ºğŸ‡¸ United States,ğŸ’° $60k - $110k*,https://remoteok.com/remote-jobs/remote-senior-mobile-engineer-flutter-transcarent-643158
"
Senior Flutter Engineer
","
XMTP ",Worldwide,Worldwide,https://remoteok.com/remote-jobs/remote-senior-flutter-engineer-xmtp-638496
"
Senior Software Developer I
","
Spring Health ",ğŸ‡ºğŸ‡¸ United States,ğŸ’° $60k - $113k*,https://remoteok.com/remote-jobs/remote-senior-software-developer-i-spring-health-615620
"
Web Frontend Engineer JS CSS React Flutter
","
Canonical - Jobs ",ğŸ‡³ğŸ‡¬ Nigeria,ğŸ’° $58k - $110k*,https://remoteok.com/remote-jobs/remote-web-frontend-engineer-js-css-react-flutter-canonical-jobs-472776
"
Senior Mobile Engineer
","
Careers at Tide ",ğŸ‡®ğŸ‡³ India,ğŸ’° $60k - $110k*,https://remoteok.com/remote-jobs/remote-senior-mobile-engineer-careers-at-tide-472714
"
Senior Mobile Developer Latin America
","
FullStack Labs ",ğŸ‡§ğŸ‡· Brazil,ğŸ’° $58k - $103k*,https://remoteok.com/remote-jobs/remote-senior-mobile-developer-latin-america-fullstack-labs-469370
"
Senior backend Engineer
","
Runwise ",ğŸ‡ºğŸ‡¸ United States,ğŸ’° $55k - $100k*,https://remoteok.com/remote-jobs/remote-senior-backend-engineer-runwise-877333
"
Data Scientist
","
IOV Labs ",Worldwide,Worldwide,https://remoteok.com/remote-jobs/remote-data-scientist-iov-labs-877890
"
Post Graduate Internship Program ML AI
","
Nethermind ","Remote, Worldwide","Remote, Worldwide",https://remoteok.com/remote-jobs/remote-post-graduate-internship-program-ml-ai-nethermind-877894
"
Analytics Engineer
","
Givebutter ",ğŸ’° $58k - $103k*,ğŸ’° $58k - $103k*,https://remoteok.com/remote-jobs/remote-analytics-engineer-givebutter-876912
"
Principal Data Engineer Platform
","
LeafLink ",ğŸ‡ºğŸ‡¸ United States,ğŸ’° $60k - $100k*,https://remoteok.com/remote-jobs/remote-principal-data-engineer-platform-leaflink-876849
"
Senior DevOps Engineer
","
Status SNT ",Remote (Worldwide),Remote (Worldwide),https://remoteok.com/remote-jobs/remote-senior-devops-engineer-status-snt-876432
"
Software Engineer Data Engineering
","
Zeotap ","Bengaluru, Karnataka","Bengaluru, Karnataka",https://remoteok.com/remote-jobs/remote-software-engineer-data-engineering-zeotap-874900
"
Post Graduate Internship Program ML AI
","
Nethermind ",Worldwide,Worldwide,https://remoteok.com/remote-jobs/remote-post-graduate-internship-program-ml-ai-nethermind-874983
"
Software Development Engineer II
","
LivePerson ",ğŸ‡®ğŸ‡³ India,ğŸ’° $60k - $100k*,https://remoteok.com/remote-jobs/remote-software-development-engineer-ii-liveperson-872105
"
Data Engineer Fleet Analytics
","
MOIA ",ğŸ‡©ğŸ‡ª Germany,ğŸ’° $45k - $90k*,https://remoteok.com/remote-jobs/remote-data-engineer-fleet-analytics-moia-871616
"
Fullstack Developer
","
Diversio ",ğŸ‡¨ğŸ‡¦ Canada,ğŸ’° $60k - $100k*,https://remoteok.com/remote-jobs/remote-fullstack-developer-diversio-870650
"
Senior Data Engineer
","
Postscript ",ğŸ‡ºğŸ‡¸ United States,ğŸ’° $58k - $88k*,https://remoteok.com/remote-jobs/remote-senior-data-engineer-postscript-870277
"
Senior Staff Software Engineer Ride & Fleet Services Platform
","
Zoox ","Foster City, CA","Foster City, CA",https://remoteok.com/remote-jobs/remote-senior-staff-software-engineer-ride-fleet-services-platform-zoox-870098
"
Cryptography Researcher
","
Flashbots ",Worldwide,Worldwide,https://remoteok.com/remote-jobs/remote-cryptography-researcher-flashbots-870597
"
Big Data Engineer DevX
","
Basis Technologies ",ğŸ‡¦ğŸ‡· Argentina,ğŸ’° $60k - $100k*,https://remoteok.com/remote-jobs/remote-big-data-engineer-devx-basis-technologies-869478
"
Research Analyst
","
Nansen ","EMEA / APAC, Remote","EMEA / APAC, Remote",https://remoteok.com/remote-jobs/remote-research-analyst-nansen-869191
"
Software Engineer
","
Sezzle ",ğŸ‡¨ğŸ‡´ Colombia,ğŸ’° $60k - $105k*,https://remoteok.com/remote-jobs/remote-software-engineer-sezzle-878785
"
Senior backend Engineer
","
Runwise ",ğŸ‡ºğŸ‡¸ United States,ğŸ’° $55k - $100k*,https://remoteok.com/remote-jobs/remote-senior-backend-engineer-runwise-877333
"
Senior Backend Software Engineer Wellbeing Access
","
Wellhub ",ğŸ‡µğŸ‡¹ Portugal,ğŸ’° $63k - $105k*,https://remoteok.com/remote-jobs/remote-senior-backend-software-engineer-wellbeing-access-wellhub-876296
"
Lead Go Software Engineer Linea
","
Consensys ",EMEA - Remote,EMEA - Remote,https://remoteok.com/remote-jobs/remote-lead-go-software-engineer-linea-consensys-874982
"
Senior Software Engineer Golang
","
Roadie ",ğŸŒ Probably worldwide,ğŸ’° $75k - $120k*,https://remoteok.com/remote-jobs/remote-senior-software-engineer-golang-roadie-873941
"
Blockchain Security Researcher
","
OpenZeppelin ",Remote - Worldwide,Remote - Worldwide,https://remoteok.com/remote-jobs/remote-blockchain-security-researcher-openzeppelin-873511
"
Principal Software Engineer Golang
","
Fanatics ",ğŸŒ Probably worldwide,ğŸ’° $80k - $120k*,https://remoteok.com/remote-jobs/remote-principal-software-engineer-golang-fanatics-871146
"
Software Engineer Cloud
","
ZEDEDA ",ğŸŒ Probably worldwide,ğŸ’° $60k - $100k*,https://remoteok.com/remote-jobs/remote-software-engineer-cloud-zededa-865244
"
Senior Lead Software Developer
","
RELEX Solutions ",ğŸŒ Probably worldwide,ğŸ’° $73k - $120k*,https://remoteok.com/remote-jobs/remote-senior-lead-software-developer-relex-solutions-865245
"
Senior Lead Software Developer
","
RELEX ",ğŸŒ Probably worldwide,ğŸ’° $73k - $120k*,https://remoteok.com/remote-jobs/remote-senior-lead-software-developer-relex-863453
"
Backend Golang Developer
","
Trust Wallet ","Global, OTHER","Global, OTHER",https://remoteok.com/remote-jobs/remote-backend-golang-developer-trust-wallet-863325
"
Senior Software Engineer Platform
","
Astronomer ",ğŸŒ Probably worldwide,ğŸ’° $65k - $120k*,https://remoteok.com/remote-jobs/remote-senior-software-engineer-platform-astronomer-862542
"
Golang Software Engineer
","
ClickHouse ",ğŸŒ Probably worldwide,ğŸ’° $80k - $120k*,https://remoteok.com/remote-jobs/remote-golang-software-engineer-clickhouse-861129
"
Software Engineer II Client Integrations
","
TrueML ",ğŸŒ Probably worldwide,ğŸ’° $65k - $100k*,https://remoteok.com/remote-jobs/remote-software-engineer-ii-client-integrations-trueml-859286
"
Blockchain Integration Specialist
","
Bitfinex ",Remote job,Remote job,https://remoteok.com/remote-jobs/remote-blockchain-integration-specialist-bitfinex-856107
"
Staff Software Engineer
","
Stream ",ğŸŒ Probably worldwide,ğŸ’° $60k - $100k*,https://remoteok.com/remote-jobs/remote-staff-software-engineer-stream-854837
"
FullStack Developer
","
Coralogix ",ğŸŒ Probably worldwide,ğŸ’° $80k - $120k*,https://remoteok.com/remote-jobs/remote-fullstack-developer-coralogix-854836
"
Senior Software Engineer
","
Stream ",ğŸŒ Probably worldwide,ğŸ’° $70k - $120k*,https://remoteok.com/remote-jobs/remote-senior-software-engineer-stream-853867
"
Senior Software Engineer
","
Tactic ",ğŸŒ Probably worldwide,ğŸ’° $75k - $120k*,https://remoteok.com/remote-jobs/remote-senior-software-engineer-tactic-851806
