Title,Company,Reward,Link
Flutter 개발자,마이뮤직테이스트,합격보상금 100만원,https://www.wanted.co.kr//wd/228509
Flutter(모바일 앱) 개발자 (병역특례 가능),위버케어,합격보상금 100만원,https://www.wanted.co.kr//wd/230648
모바일 앱 소프트웨어 개발 (Flutter / iOS / Android),블록체인랩스,합격보상금 100만원,https://www.wanted.co.kr//wd/138923
"프론트엔드 / 모바일 (Vue, Flutter) 엔지니어",드래프티파이,합격보상금 100만원,https://www.wanted.co.kr//wd/220132
주니어 앱 개발자(Flutter),아이오크롭스,합격보상금 100만원,https://www.wanted.co.kr//wd/231031
Flutter 앱 개발자,솔리다리테(SolidariteInc.),합격보상금 100만원,https://www.wanted.co.kr//wd/212935
모바일/웹 클라이언트(flutter) 개발자,스쿨버스,합격보상금 100만원,https://www.wanted.co.kr//wd/201909
Mobile (Flutter) 개발자,큐픽스,합격보상금 100만원,https://www.wanted.co.kr//wd/207359
Flutter 개발자,마이뮤직테이스트,합격보상금 100만원,https://www.wanted.co.kr//wd/228509
Flutter(모바일 앱) 개발자 (병역특례 가능),위버케어,합격보상금 100만원,https://www.wanted.co.kr//wd/230648
모바일 앱 소프트웨어 개발 (Flutter / iOS / Android),블록체인랩스,합격보상금 100만원,https://www.wanted.co.kr//wd/138923
"프론트엔드 / 모바일 (Vue, Flutter) 엔지니어",드래프티파이,합격보상금 100만원,https://www.wanted.co.kr//wd/220132
주니어 앱 개발자(Flutter),아이오크롭스,합격보상금 100만원,https://www.wanted.co.kr//wd/231031
Flutter 앱 개발자,솔리다리테(SolidariteInc.),합격보상금 100만원,https://www.wanted.co.kr//wd/212935
모바일/웹 클라이언트(flutter) 개발자,스쿨버스,합격보상금 100만원,https://www.wanted.co.kr//wd/201909
Mobile (Flutter) 개발자,큐픽스,합격보상금 100만원,https://www.wanted.co.kr//wd/207359
프론트엔드 개발자 (React-native / flutter),아파트멘터리,합격보상금 100만원,https://www.wanted.co.kr//wd/165183
React Typescript / Flutter 개발자,에이로직,합격보상금 100만원,https://www.wanted.co.kr//wd/226170
Flutter 앱 개발자 (2~5년),소너비스,합격보상금 100만원,https://www.wanted.co.kr//wd/229958
"프론트엔드 개발 엔지니어 (React, Flutter)",크로커스,합격보상금 100만원,https://www.wanted.co.kr//wd/223111
플러터 개발자,모노리스,합격보상금 100만원,https://www.wanted.co.kr//wd/194856
Flutter 앱 개발자,비사이드코리아,합격보상금 100만원,https://www.wanted.co.kr//wd/120367
Flutter 개발,개념원리,합격보상금 100만원,https://www.wanted.co.kr//wd/167521
프론트엔드(web/플러터) 엔지니어 (제주본사/판교근무),피플밤,합격보상금 100만원,https://www.wanted.co.kr//wd/220848
Flutter 모바일 개발,인피니티익스체인지코리아,합격보상금 100만원,https://www.wanted.co.kr//wd/230172
Flutter 앱 개발자 (시니어),트리플콤마(골드스푼),합격보상금 100만원,https://www.wanted.co.kr//wd/228740
Flutter 앱 개발자 (3년 이상),에픽코퍼레이션,합격보상금 100만원,https://www.wanted.co.kr//wd/223522
앱 개발자(Flutter),아이오크롭스,합격보상금 100만원,https://www.wanted.co.kr//wd/231023
Flutter 앱 & Node.js 개발자(신입 지원가능),인졀미,합격보상금 100만원,https://www.wanted.co.kr//wd/210056
Flutter 모바일 개발,버터플라잉,합격보상금 100만원,https://www.wanted.co.kr//wd/215084
Flutter 개발,캔랩코리아,합격보상금 100만원,https://www.wanted.co.kr//wd/233351
Flutter developer,패러다임시프트,합격보상금 100만원,https://www.wanted.co.kr//wd/232941
프론트엔드(Flutter) 개발자,컨두잇,합격보상금 100만원,https://www.wanted.co.kr//wd/199372
Flutter App 개발자,제네시스네스트,합격보상금 100만원,https://www.wanted.co.kr//wd/226325
플러터 개발자,피에트(FIET),합격보상금 100만원,https://www.wanted.co.kr//wd/209183
Flutter 개발자,섬재,합격보상금 100만원,https://www.wanted.co.kr//wd/231770
프론트엔드 개발자 (Flutter),111퍼센트,합격보상금 100만원,https://www.wanted.co.kr//wd/218337
플러터 개발자 (3년 이상),더블유클럽,합격보상금 100만원,https://www.wanted.co.kr//wd/73811
Senior Flutter 앱 개발자 (3년 이상),테이블매니저,합격보상금 100만원,https://www.wanted.co.kr//wd/227073
디지털물류플랫폼 모바일(Flutter) 엔지니어,씨제이대한통운(CJ대한통운),합격보상금 100만원,https://www.wanted.co.kr//wd/124449
React Native(Flutter) Frontend Engineer,보닥(아이지넷),합격보상금 100만원,https://www.wanted.co.kr//wd/225274
Flutter/AOS 앱 개발자,에임(AIM),합격보상금 100만원,https://www.wanted.co.kr//wd/2448
Flutter App 개발자,제네시스네스트,합격보상금 100만원,https://www.wanted.co.kr//wd/232666
플러터 개발자 (3년 이상),다이노즈,합격보상금 100만원,https://www.wanted.co.kr//wd/203296
Flutter 개발자,코보시스,합격보상금 100만원,https://www.wanted.co.kr//wd/99737
Flutter 개발자 (병역특례_현역/보충역),넛지헬스케어(캐시워크),합격보상금 100만원,https://www.wanted.co.kr//wd/168259
렌탈 서비스 개발 프로젝트 Flutter 개발자 (고급),이그레브,합격보상금 100만원,https://www.wanted.co.kr//wd/226388
Flutter / JavaScript 프런트 개발자,브레인다이브,합격보상금 100만원,https://www.wanted.co.kr//wd/233222
Flutter Engineer,아코테컨설팅,합격보상금 100만원,https://www.wanted.co.kr//wd/234426
Flutter 교육 콘텐츠 제작자,엘리스,합격보상금 100만원,https://www.wanted.co.kr//wd/197773
Front-end 개발자(Flutter/앱) (7년이상),먼슬리키친,합격보상금 100만원,https://www.wanted.co.kr//wd/216792
Flutter 앱 & Node.js 개발자,인졀미,합격보상금 100만원,https://www.wanted.co.kr//wd/210107
앱 개발자 (Flutter),케이팝팩토리,합격보상금 100만원,https://www.wanted.co.kr//wd/79666
플러터 웹 개발자,에이치아아티,합격보상금 100만원,https://www.wanted.co.kr//wd/234089
